Factor,Term,Df,SumOfSqs,R2,F,Pr(>F)
Year,Year,1,0.9102070106724831,0.07029325726309894,2.5706716291092926,1e-4
Year,Residual,34,12.038503094845767,0.9297067427369013,NA,NA
Year,Total,35,12.948710105518247,1,NA,NA
farm,farm,5,3.3277055146558556,0.25699127461643567,2.0752752895366227,1e-4
farm,Residual,30,9.621004590862395,0.74300872538356455,NA,NA
farm,Total,35,12.948710105518247,1,NA,NA
tillage,tillage,1,0.7757669498859308,0.05991075123037379,2.1667788930664362,2e-4
tillage,Residual,34,12.17294315563232,0.9400892487696265,NA,NA
tillage,Total,35,12.948710105518247,1,NA,NA
cover_crop,cover_crop,1,0.7757669498859308,0.05991075123037379,2.1667788930664362,4e-4
cover_crop,Residual,34,12.17294315563232,0.9400892487696265,NA,NA
cover_crop,Total,35,12.948710105518247,1,NA,NA
Crop_rotation,Crop_rotation,3,2.1603529969813575,0.16683924339774178,2.135984660991599,1e-4
Crop_rotation,Residual,32,10.788357108536893,0.8331607566022585,NA,NA
Crop_rotation,Total,35,12.948710105518247,1,NA,NA
Season,Season,1,0.9102070106724831,0.07029325726309894,2.5706716291092926,1e-4
Season,Residual,34,12.038503094845767,0.9297067427369013,NA,NA
Season,Total,35,12.948710105518247,1,NA,NA
