"taxon","lfc_(Intercept)","lfc_SeasonSpring","se_(Intercept)","se_SeasonSpring","W_(Intercept)","W_SeasonSpring","p_(Intercept)","p_SeasonSpring","q_(Intercept)","q_SeasonSpring","diff_(Intercept)","diff_SeasonSpring","passed_ss_(Intercept)","passed_ss_SeasonSpring","diff_robust_(Intercept)","diff_robust_SeasonSpring","Enriched"
"d__Bacteria_p__Actinobacteria_c__Actinobacteria_o__Actinomycetales_f___g__",0.942623209984597,-4.71836177049809,0.117425499672787,0.195401956427876,8.02741493637473,-24.1469525523388,7.79543728442895e-08,8.40453853527784e-17,6.7040760646089e-07,4.7475122063844e-15,TRUE,TRUE,TRUE,TRUE,TRUE,TRUE,"Fall"
"d__Bacteria_p__Actinobacteria_c___o___f___g__",1.46736549534027,-3.98642743865314,0.0954601597066304,0.218020794089079,15.3714963378419,-18.284620305641,3.53466368352466e-15,4.20282334212398e-17,4.55971615174682e-13,4.7475122063844e-15,TRUE,TRUE,TRUE,TRUE,TRUE,TRUE,"Fall"
"d__Bacteria_p__Planctomycetes_c__Planctomycetia_o__Gemmatales_f__Gemmataceae_g__",0.635609634338094,-3.82966095146734,0.129326408873428,0.205623689752677,4.91477061703746,-18.6246096258346,8.36277852318628e-05,4.18933939896999e-14,0.000414922472881166,7.72035403524469e-13,TRUE,TRUE,TRUE,TRUE,TRUE,TRUE,"Fall"
"g__Gaiella",1.39341258721319,-3.39208783083222,0.145713877939763,0.228922044694778,9.56266216310034,-14.8176547844262,9.22223206585334e-11,1.29566568730585e-15,1.6995256235644e-09,3.34281747324909e-14,TRUE,TRUE,TRUE,TRUE,TRUE,TRUE,"Fall"
"g__planctomycete",1.1609631128256,-3.20156817008729,0.209994838347348,0.301748102494747,5.52853166278916,-10.6100689403441,6.55504720780665e-06,2.56297974645803e-11,4.22800544903529e-05,1.83680215162825e-10,TRUE,TRUE,TRUE,TRUE,TRUE,TRUE,"Fall"
"d__Bacteria_p__Proteobacteria_c__Betaproteobacteria_o___f___g__",1.27684474909652,-3.0514599454294,0.101469306030902,0.192898870052405,12.5835565358816,-15.8189622603823,6.21009153365346e-14,1.10407260613591e-16,2.67033935947099e-12,4.7475122063844e-15,TRUE,TRUE,TRUE,TRUE,TRUE,TRUE,"Fall"
"d__Bacteria_p__Gemmatimonadetes_c__Gemm-1_o___f___g__",1.22157571563961,-3.02260400315617,0.101509346327452,0.251542664608453,12.0341205990926,-12.0162677288209,3.23330983984447e-13,3.359017030029e-13,1.04274242334984e-11,5.1513552974252e-12,TRUE,TRUE,TRUE,TRUE,TRUE,TRUE,"Fall"
"d__Bacteria_p___c___o___f___g__",1.29206929669299,-2.92071778501862,0.103451286615958,0.200448766107823,12.4896397034629,-14.5708943074638,2.95058115108695e-14,3.49356836394695e-16,1.90312484245108e-12,1.12667579737289e-14,TRUE,TRUE,TRUE,TRUE,TRUE,TRUE,"Fall"
"d__Bacteria_p__Proteobacteria_c___o___f___g__",1.13481481818918,-2.92016271150473,0.125228738174598,0.296930792543108,9.06193605981226,-9.83448933165388,4.3072017577741e-10,6.7389862292591e-11,5.55629026752858e-09,4.57541696618118e-10,TRUE,TRUE,TRUE,TRUE,TRUE,TRUE,"Fall"
"d__Bacteria_p__Proteobacteria_c__Deltaproteobacteria_o__Myxococcales_f___g__",0.634144043932568,-2.88077555154197,0.132648575938262,0.200734927451207,4.78063212851763,-14.3511425147585,8.97328048478571e-05,1.19185344703323e-12,0.000428723400939762,1.39771904242988e-11,TRUE,TRUE,TRUE,TRUE,TRUE,TRUE,"Fall"
"g__Nocardioides",0.862730623490541,-2.75516364181419,0.133238634098827,0.205852043325211,6.47507856355409,-13.3841937991429,7.31165263819149e-07,3.59396881215712e-13,5.24001772403723e-06,5.1513552974252e-12,TRUE,TRUE,TRUE,TRUE,TRUE,TRUE,"Fall"
"g__Streptomyces",0.748919613449066,-2.74377535817942,0.124867533936024,0.210412153244911,5.9977128549105,-13.0400041816301,3.42652585599385e-06,2.19506048374254e-12,2.32643071275372e-05,2.35969002002323e-11,TRUE,TRUE,TRUE,TRUE,TRUE,TRUE,"Fall"
"d__Bacteria_p__Chloroflexi_c__Ellin6529_o___f___g__",0.570970656979133,-2.66805273832659,0.130548029593153,0.202639602885565,4.37364438788191,-13.1664921384262,0.000242194872588223,6.56163750243394e-12,0.00100784317948002,5.29032023633736e-11,TRUE,TRUE,TRUE,TRUE,TRUE,TRUE,"Fall"
"d__Bacteria_p__Proteobacteria_c__Alphaproteobacteria_o__Rhodospirillales_f__Rhodospirillaceae_g__",1.07977190607646,-2.5449804783474,0.105396259214722,0.236310775498273,10.244878842205,-10.7696336444294,8.80272202023222e-12,2.44864490032805e-12,2.27110228121991e-10,2.42980917032552e-11,TRUE,TRUE,TRUE,TRUE,TRUE,TRUE,"Fall"
"g__Arthrobacter",1.04322036360104,-2.53166676600533,0.210742474125635,0.266834292675723,4.95021408441434,-9.48778637340294,2.29644773362981e-05,8.07601805628064e-11,0.000123434065682602,5.20903164630101e-10,TRUE,TRUE,TRUE,TRUE,TRUE,TRUE,"Fall"
"d__Bacteria_p__Proteobacteria_c__Betaproteobacteria_o__Burkholderiales_f__Comamonadaceae_g__",1.09435148975145,-2.52528217113553,0.165798535628135,0.28258152722602,6.60048947721677,-8.93647293906694,1.44535813043379e-07,1.91347812003975e-10,1.16531999266225e-06,1.12199398856876e-09,TRUE,TRUE,FALSE,TRUE,FALSE,TRUE,"Fall"
"d__Bacteria_p__Proteobacteria_c__Alphaproteobacteria_o__Rhizobiales_f__Methylobacteriaceae_g__",1.03634197734849,-2.45556591920158,0.130220707151036,0.236723921143654,7.95835009670536,-10.3731211756645,3.52555001356614e-09,6.41781708321591e-12,3.7899662645836e-08,5.29032023633736e-11,TRUE,TRUE,TRUE,TRUE,TRUE,TRUE,"Fall"
"d__Bacteria_p__Proteobacteria_c__Alphaproteobacteria_o___f___g__",0.849890233804632,-2.44850741446576,0.109067087049603,0.260389608656794,7.79236208461407,-9.40324549468875,1.73071016292406e-08,3.67720304897739e-10,1.59472579298003e-07,2.06243127529601e-09,TRUE,TRUE,TRUE,TRUE,TRUE,TRUE,"Fall"
"d__Bacteria_p__Planctomycetes_c__Phycisphaerae_o__WD2101_f___g__",0.971694919617239,-2.41177749428241,0.109600411459662,0.279285242404037,8.86579627463228,-8.63553503050239,3.95590182343252e-10,7.21534909489906e-10,5.55629026752858e-09,3.72312013296791e-09,TRUE,TRUE,TRUE,TRUE,TRUE,TRUE,"Fall"
"d__Bacteria_p__Firmicutes_c__Bacilli_o__Bacillales_f___g__",0.871969197692982,-2.40634511070438,0.194355145538627,0.26719966883922,4.4864734364323,-9.00579376148975,0.000105401544571441,6.71589916159364e-10,0.000485599973204137,3.60979579935658e-09,TRUE,TRUE,TRUE,TRUE,TRUE,TRUE,"Fall"
"g__Litorilinea",0.497667374435934,-2.34158692946474,0.162589980528395,0.241443478781512,3.06087357178213,-9.69828193862172,0.00572472359305551,2.10170206413587e-09,0.018462233587604,9.69358446702599e-09,TRUE,TRUE,TRUE,TRUE,TRUE,TRUE,"Fall"
"g__Blastococcus",0.427220381756995,-2.30628712862918,0.170053752348825,0.228253358811006,2.5122667148247,-10.1040665541259,0.020234374081417,1.61568365962317e-09,0.0555368990745275,8.01627661889956e-09,FALSE,TRUE,FALSE,TRUE,FALSE,TRUE,"Fall"
"d__Bacteria_p__Acidobacteria_c__Solibacteres_o__Solibacterales_f__MVS-65_g__",0.686314105407916,-2.26181982303294,0.124897978039248,0.220766030804876,5.49499772680266,-10.2453254007726,9.14591708995807e-06,1.27681794260338e-10,5.61820621240281e-05,7.84331021884933e-10,TRUE,TRUE,TRUE,TRUE,TRUE,TRUE,"Fall"
"d__Bacteria_p__Gemmatimonadetes_c__Gemmatimonadetes_o__N1423WL_f___g__",0.340067847942883,-2.19924251958168,0.176411768366593,0.235314301298779,1.92769366290918,-9.3459790052849,0.0682155437749328,9.74403276730435e-09,0.151720778395971,4.05477492574923e-08,FALSE,TRUE,FALSE,TRUE,FALSE,TRUE,"Fall"
"g__Ilumatobacter",0.3535250339369,-2.19288182709629,0.203587887855596,0.259089293673366,1.73647380333183,-8.46380719174316,0.0978599049779503,4.827714191091e-08,0.200379805431041,1.68317602878578e-07,FALSE,TRUE,FALSE,TRUE,FALSE,TRUE,"Fall"
"d__Bacteria_p__Planctomycetes_c__Planctomycetia_o__Pirellulales_f__Pirellulaceae_g__",0.508523575270007,-2.13634027685963,0.151226104617141,0.225530888084582,3.36267059551284,-9.47249529766596,0.00269099858664143,2.10403383780409e-09,0.0105193581114165,9.69358446702599e-09,TRUE,TRUE,TRUE,TRUE,TRUE,TRUE,"Fall"
"g__Actinomadura",0.321862658473684,-2.07429012465778,0.211833005553772,0.268464121440179,1.51941694653425,-7.72650778632996,0.146027757108998,4.0075327223943e-07,0.261633064820288,1.20225981671829e-06,FALSE,TRUE,FALSE,TRUE,FALSE,TRUE,"Fall"
"d__Bacteria_p__Acidobacteria_c__Acidobacteriia_o__Acidobacteriales_f__Acidobacteriaceae_g__",0.591304965276234,-2.02084990364182,0.249503841892719,0.306161609970129,2.36992328771627,-6.60059863102688,0.0265592764916448,9.81670426379327e-07,0.0713780555712954,2.87807920461212e-06,FALSE,TRUE,TRUE,TRUE,FALSE,TRUE,"Fall"
"d__Bacteria_p__Verrucomicrobia_c__[Pedosphaerae]_o__[Pedosphaerales]_f__[Pedosphaeraceae]_g__",0.427249547707433,-2.0164530893657,0.181420033286069,0.251138712945321,2.35502959606303,-8.02924035771708,0.0278544143074798,5.55603117502039e-08,0.073331009095202,1.83776415789136e-07,FALSE,TRUE,FALSE,TRUE,FALSE,TRUE,"Fall"
"d__Bacteria_p__Firmicutes_c__Bacilli_o__Bacillales_f__Paenibacillaceae_g__",0.28455038400109,-1.85347225223364,0.156954717582783,0.219544390935799,1.81294572334857,-8.44235757667637,0.084878273456945,5.02546675470361e-08,0.182488287932432,1.70601371409675e-07,FALSE,TRUE,FALSE,TRUE,FALSE,TRUE,"Fall"
"d__Bacteria_p__Proteobacteria_c__Deltaproteobacteria_o___f___g__",0.326712029683592,-1.84638084552789,0.297727529271714,0.35200760565471,1.09735243658112,-5.24528679456725,0.284911318569727,3.36631074028359e-05,0.43239482465288,6.89292199200926e-05,FALSE,TRUE,FALSE,TRUE,FALSE,TRUE,"Fall"
"d__Bacteria_p__Proteobacteria_c__Deltaproteobacteria_o__Myxococcales_f__Polyangiaceae_g__",0.379156785099363,-1.8450676379403,0.139895046782496,0.218839857369732,2.71029456596032,-8.43113160516754,0.01277974142277,2.44302087214266e-08,0.039252062941365,9.00427692875436e-08,TRUE,TRUE,TRUE,TRUE,TRUE,TRUE,"Fall"
"d__Bacteria_p__Acidobacteria_c__Solibacteres_o__Solibacterales_f___g__",0.477290388042491,-1.78056862657323,0.153109156986935,0.228487164512554,3.1173209848136,-7.7928606202971,0.00454708249713728,3.7780190034587e-08,0.0158533416792084,1.35379014290603e-07,TRUE,TRUE,TRUE,TRUE,TRUE,TRUE,"Fall"
"d__Bacteria_p__TM7_c__TM7-1_o___f___g__",0.44581745504405,-1.69108976480332,0.170157487419738,0.280140226731755,2.62002843250925,-6.03658312314642,0.0147353971685708,2.63142842250663e-06,0.0413231790162093,7.37944057615991e-06,TRUE,TRUE,TRUE,TRUE,TRUE,TRUE,"Fall"
"g__Limnobacter",0.258857138396241,-1.68375002353392,0.206417517174748,0.261397474368918,1.25404637135084,-6.44134006114225,0.225035258687403,3.56272168838111e-06,0.367462637603481,9.57481453752422e-06,FALSE,TRUE,FALSE,TRUE,FALSE,TRUE,"Fall"
"d__Bacteria_p__Acidobacteria_c__Acidobacteriia_o__Acidobacteriales_f___g__",0.353703007279877,-1.66680201136761,0.233731082149355,0.28477291215352,1.51329041917437,-5.8530918504954,0.145848786891296,1.0012752468512e-05,0.261633064820288,2.48393282391933e-05,FALSE,TRUE,FALSE,TRUE,FALSE,TRUE,"Fall"
"g__Nitrosospira",0.502761079131844,-1.60972140171864,0.157307666182905,0.241610299715034,3.19603673064014,-6.66247011661846,0.00343944307719262,3.13904857717223e-07,0.0123246710266069,9.641363487029e-07,TRUE,TRUE,TRUE,TRUE,TRUE,TRUE,"Fall"
"d__Bacteria_p__Proteobacteria_c__Zetaproteobacteria_o__Mariprofundales_f__Mariprofundaceae_g__",0.42039280081424,-1.58620332953364,0.2297394069925,0.286271027574678,1.82986805057769,-5.54091464641791,0.0802620408629654,1.23183619990847e-05,0.175488191039365,2.83762267478916e-05,FALSE,TRUE,FALSE,TRUE,FALSE,TRUE,"Fall"
"d__Bacteria_p__Actinobacteria_c__Actinobacteria_o__Actinomycetales_f__Nocardioidaceae_g__",0.259338912457145,-1.55948533288666,0.095761454264368,0.173460645330738,2.70817642076727,-8.99042736704446,0.0131688589271079,1.20707817771918e-08,0.0395065767813236,4.86603390393043e-08,TRUE,TRUE,TRUE,TRUE,TRUE,TRUE,"Fall"
"d__Bacteria_p__Bacteroidetes_c__Bacteroidia_o__Bacteroidales_f___g__",0.367900738105834,-1.55355196550924,0.273888872867054,0.335641859487252,1.34324820959198,-4.62860016293125,0.191756551658999,0.000106778176058303,0.329821268853478,0.000199628763935088,FALSE,TRUE,FALSE,TRUE,FALSE,TRUE,"Fall"
"d__Bacteria_p__Proteobacteria_c__Gammaproteobacteria_o__Xanthomonadales_f__Xanthomonadaceae_g__",0.383976850919951,-1.50249366797541,0.221768114714594,0.300835536509676,1.73143398641465,-4.99440220862033,0.0956991574967076,3.7814812316385e-05,0.199115988985085,7.62204810752134e-05,FALSE,TRUE,FALSE,TRUE,FALSE,TRUE,"Fall"
"g__Aetherobacter",0.261324891976987,-1.46394649195464,0.149666192143472,0.233860317351032,1.74605158475922,-6.25991835013723,0.095416232811748,3.29433667744983e-06,0.199115988985085,9.04190279555379e-06,FALSE,TRUE,FALSE,TRUE,FALSE,TRUE,"Fall"
"g__Haloferula",0.290801189742488,-1.45334003688484,0.227308229825277,0.306257350112665,1.27932538987267,-4.74548622702507,0.217968939601294,0.000187252328796223,0.360487092417525,0.0003354937557599,FALSE,TRUE,TRUE,TRUE,FALSE,TRUE,"Fall"
"g__Rhizobium",0.387097086665937,-1.42844996538244,0.2298724594439,0.298147821030533,1.6839646106471,-4.79107967465627,0.104158554691446,5.83356166935597e-05,0.209944586799947,0.000112317829156257,FALSE,TRUE,FALSE,TRUE,FALSE,TRUE,"Fall"
"d__Bacteria_p__Firmicutes_c__Bacilli_o__Bacillales_f__Bacillaceae_g__",0.383193075313546,-1.38118072556496,0.333591881601203,0.390365136525457,1.14868825186711,-3.53817643106786,0.26075961142635,0.00148055935660587,0.410219388707306,0.00224696655296655,FALSE,TRUE,FALSE,TRUE,FALSE,TRUE,"Fall"
"g__Cystobacter",0.260640761604647,-1.35973305639754,0.219625071973284,0.273362244642652,1.18675322112747,-4.97410700652912,0.247982591214705,5.60941324269773e-05,0.394935237860456,0.000109638531561819,FALSE,TRUE,FALSE,TRUE,FALSE,TRUE,"Fall"
"d__Bacteria_p__Proteobacteria_c__Alphaproteobacteria_o__Sphingomonadales_f__Erythrobacteraceae_g__",0.380786447326589,-1.33748692323713,0.146084213658339,0.236092362604522,2.60662283617565,-5.66510033819921,0.0147059179271427,5.13561289045633e-06,0.0413231790162093,1.32498812573773e-05,TRUE,TRUE,TRUE,TRUE,TRUE,TRUE,"Fall"
"d__Bacteria_p__Bacteroidetes_c__Cytophagia_o__Cytophagales_f___g__",0.286476855155482,-1.29440020718232,0.307844120271323,0.383310348327014,0.930590634321653,-3.37689867448617,0.363162905623939,0.00299674623709557,0.509217552450957,0.00439295755210601,FALSE,TRUE,TRUE,TRUE,FALSE,TRUE,"Fall"
"g__Methylobacterium",0.244837912573561,-1.27026550106878,0.180520845677025,0.250247514219812,1.35628609347204,-5.0760364394789,0.189412531296246,5.00974765609648e-05,0.329821268853478,9.94242227132995e-05,FALSE,TRUE,FALSE,TRUE,FALSE,TRUE,"Fall"
"d__Bacteria_p__Verrucomicrobia_c__[Spartobacteria]_o__[Chthoniobacterales]_f__[Chthoniobacteraceae]_g__",0.258277746486337,-1.22072375882939,0.189988217563624,0.249272400844666,1.35944086322007,-4.89714767737195,0.187779243099767,6.760424160813e-05,0.329821268853478,0.000128249223050717,FALSE,TRUE,FALSE,TRUE,FALSE,TRUE,"Fall"
"d__Bacteria_p__Proteobacteria_c__Betaproteobacteria_o__Burkholderiales_f___g__",0.314001405981328,-1.21963320679493,0.151558574112461,0.277587963179557,2.0718155196441,-4.39368189032757,0.0483394649919901,0.000166491285238305,0.115477610814198,0.000302498250644244,FALSE,TRUE,FALSE,TRUE,FALSE,TRUE,"Fall"
"g__Candidatus Koribacter",0.265661973586045,-1.21016168499814,0.248065106060497,0.311034445556901,1.07093648842839,-3.890764197616,0.295806800521855,0.000786933838744493,0.438610083532406,0.0012689308149755,FALSE,TRUE,FALSE,TRUE,FALSE,TRUE,"Fall"
"d__Bacteria_p__Proteobacteria_c__Betaproteobacteria_o__Burkholderiales_f__Oxalobacteraceae_g__",0.322058189832051,-1.2075883163584,0.245056500962498,0.305177112350041,1.31422014338374,-3.95700813556843,0.20024918807149,0.000522920674902886,0.339896648173977,0.000876061909902238,FALSE,TRUE,FALSE,TRUE,FALSE,TRUE,"Fall"
"g__Stella",0.211045041809581,-1.2044218778075,0.129073104058436,0.211229744360243,1.63508147843127,-5.7019520686131,0.116934020004407,1.16656358565602e-05,0.222534564863034,2.74169242719682e-05,FALSE,TRUE,FALSE,TRUE,FALSE,TRUE,"Fall"
"d__Bacteria_p__TM6_c__SJA-4_o___f___g__",0.208862749748391,-1.20060205858002,0.238614880390522,0.295988285775539,0.875313179993477,-4.05624856211537,0.392334800446453,0.00067381493369973,0.538416906995664,0.00110028008161095,FALSE,TRUE,TRUE,TRUE,FALSE,TRUE,"Fall"
"g__Salinarimonas",0.298789085412665,-1.17789903908071,0.155210923989027,0.218533301277402,1.92505190829086,-5.39002079864024,0.0661540776908525,1.55326284778202e-05,0.149717123195087,3.45467081661862e-05,FALSE,TRUE,FALSE,TRUE,FALSE,TRUE,"Fall"
"d__Bacteria_p__Proteobacteria_c__Alphaproteobacteria_o__Rhizobiales_f__Rhizobiaceae_g__",0.272588921556012,-1.16674848601483,0.141357018805113,0.225359142505291,1.92837203175477,-5.17728490197567,0.0652392102509563,2.35737775027158e-05,0.149717123195087,5.154266606526e-05,FALSE,TRUE,FALSE,TRUE,FALSE,TRUE,"Fall"
"d__Bacteria_p__Acidobacteria_c__[Chloracidobacteria]_o__DS-100_f___g__",0.23423458536583,-1.14347286057525,0.116944100978741,0.189636692497033,2.00296195708419,-6.02980807943138,0.0576544185458152,4.54632754153672e-06,0.135225818043821,1.19689031195558e-05,FALSE,TRUE,FALSE,TRUE,FALSE,TRUE,"Fall"
"d__Bacteria_p__Proteobacteria_c__Alphaproteobacteria_o__Rhodobacterales_f__Rhodobacteraceae_g__",0.23912975275673,-1.13008956296355,0.220545184613273,0.281508977269645,1.08426648795822,-4.0143997322014,0.290538473216096,0.000627741510732516,0.435807709824144,0.00103818788313455,FALSE,TRUE,TRUE,TRUE,FALSE,TRUE,"Fall"
"g__Dongia",0.265837004443908,-1.11556092474918,0.216601748535644,0.276091350594623,1.22730774908847,-4.04055006557277,0.230703979911156,0.000420562367705473,0.372010167606738,0.000713849282026395,FALSE,TRUE,FALSE,TRUE,FALSE,TRUE,"Fall"
"g__Pirellula",0.156419369621716,-1.03461404234018,0.183208488573862,0.24419472521416,0.853777959958741,-4.23684025702362,0.40333848453013,0.000404350412738476,0.547691205309334,0.000695482709910178,FALSE,TRUE,FALSE,TRUE,FALSE,TRUE,"Fall"
"g__Rhodobium",0.159463516614249,-0.925040341456121,0.196885935841213,0.256954796852433,0.809928428523486,-3.60001195847441,0.427513342319328,0.00178829231965295,0.568548671744261,0.0026516058532785,FALSE,TRUE,FALSE,TRUE,FALSE,TRUE,"Fall"
"d__Bacteria_p__Proteobacteria_c__Alphaproteobacteria_o__Rhodospirillales_f___g__",0.138600750314443,-0.901882102729183,0.188599583900765,0.248707023432033,0.734894252934142,-3.62628320778263,0.470531744905636,0.00158193819529059,0.592261722664624,0.00237290729293588,FALSE,TRUE,FALSE,TRUE,FALSE,TRUE,"Fall"
"d__Bacteria_p__Acidobacteria_c__S035_o___f___g__",-0.723002428943868,0.765934853510687,0.0823911378140491,0.193241288295445,-8.77524510676904,3.9636190602272,1.04954306006395e-05,0.00328622042581305,6.15413885219319e-05,0.00476317342617846,TRUE,TRUE,TRUE,TRUE,TRUE,TRUE,"Spring"
"d__Bacteria_p__Chloroflexi_c__Anaerolineae_o__envOPS12_f___g__",0.0682090934174259,-0.630711604911998,0.219868579775435,0.27325194355158,0.310226652153264,-2.30816877901892,0.759951810077576,0.0330764226813898,0.863066285339499,0.0426685852589928,FALSE,TRUE,FALSE,TRUE,FALSE,TRUE,"Fall"
